Variable / Field Name,Form Name,Section Header,Field Type,Field Label,Choices Calculations OR Slider Labels,Field Note,Text Validation Type OR Show Slider Number,Text Validation Min,Text Validation Max,Identifier?,Branching Logic (Show field only if...),Required Field?,Custom Alignment,Question Number (surveys only),Matrix Group Name,Matrix Ranking?,Field Annotation
subj_id,demographics,,text,Mã đối tượng,,"SA-02-XXX",,,,,Y,,,y,,,,
age,demographics,,text,Tuổi,,,integer,18,80,N,,,y,,,,
gender,demographics,,radio,Giới tính,"1, Nam | 2, Nữ",,,,,,N,,,y,,,,
group,randomization,,radio,Nhóm phân bổ,"1, Smart A | 2, Đối chứng",,,,,,N,,,y,,,,
dx_cat,baseline_es,,radio,Chẩn đoán phân loại,"1, Viêm họng | 2, Amidan hốc mủ | 3, Loét áp-tơ",,,,,,N,,,y,,,,
visit_code,visit_es,,radio,Mã thăm,"D0, D0 | D1, D1 | D3, D3 | D5, D5 | D7, D7",Repeating,,,,,N,,,y,,,,
visit_date,visit_es,,text,Ngày thăm,,,date_ymd,,,N,,,y,,,,
vas_throat,visit_es,,text,VAS đau rát họng,,,number,0,10,N,,,y,,,,
culture_done,visit_es,,yesno,Có cấy họng,,,,,,,N,,,n,,,,
culture_cfu,visit_es,,text,Kết quả cấy,,,number,0,,N,[culture_done] = '1',n,,,,
adhere_spray,visit_es,,radio,Tuân thủ súc/xịt kể từ visit trước,"0, Không | 1, Một phần | 2, Đầy đủ",,,,,,N,,,y,,,,
clin_event,visit_es,,radio,Sự kiện lâm sàng kể từ visit trước,"0, Không | 1, Sốt/viêm tăng | 2, Đổi KS/điều trị | 3, Khác",,,,,,N,,,n,,,,
clin_event_note,visit_es,,notes,Ghi chú sự kiện,,,,,,N,[clin_event] = '3',n,,,,
ae_local,visit_es,,yesno,AE tại chỗ mới,,,,,,,N,,,n,,,,
delta_vas_d3,outcome_d3,,text,ΔVAS D3-D0 (primary),,,number,-10,10,N,,,y,,,,
relief_d3,outcome_d3,,yesno,Giảm VAS ≥2 điểm tại D3 (exploratory),,,,,,N,,,n,,,,
completion,end_study,,yesno,Hoàn thành đề cương,,,,,,,N,,,y,,,,
